{
    "locations": [
        {
            "present": {
                "type": "Buffer",
                "data": "base64:AAAAEkQZj7cAAAAAwrtHHAAA1i8AAAAAAAAAAAAAAAAAAQ=="
            }
        },
        {
            "present": {
                "type": "Buffer",
                "data": "base64:AAAALcUmjbJCMistxTb/uAAAHAgAAAAAAAEAAAAAAAAAAA=="
            }
        },
        {
            "present": {
                "type": "Buffer",
                "data": "base64:AAAALUWJo2VDfgAARM86fAAAcc0AAAAAAAAAAAAAAAAAAQ=="
            }
        },
        {
            "present": {
                "type": "Buffer",
                "data": "base64:AAAAQEU+Yt7DNgAARTvDrQAALrsAAAAAAAEAAAAAAAAAAA=="
            }
        },
        {
            "present": {
                "type": "Buffer",
                "data": "base64:AAAAY8QZAADD0gAAwq0yCgAAO54AAAAAAAAAAAAAAAAAAQ=="
            }
        },
        {
            "present": {
                "type": "Buffer",
                "data": "base64:AAAAY0K4AADDlgAAQ1jZiAAANi4AAAAAAAAAAAAAAAAAAQ=="
            }
        },
        {
            "present": {
                "type": "Buffer",
                "data": "base64:AAAALUVhrzFDoIAAxF5aSwAA9jwAAAAAAAEAAAAAAAAAAA=="
            }
        },
        {
            "present": {
                "type": "Buffer",
                "data": "base64:AAAAb8KdIJXCIAAAw/ez9wAAPiAAAAAAAAEAAAAAAAAAAA=="
            }
        },
        {
            "present": {
                "type": "Buffer",
                "data": "base64:AAAAb8D3lWhDI2QIQ/7HdwAAl5YAAAAAAAAAAAAAAAAAAA=="
            }
        },
        {
            "present": {
                "type": "Buffer",
                "data": "base64:AAAAJkUWlBHB8AAAxEIMJgAA5fkAAAAAAAEAAAAAAAAAAA=="
            }
        },
        {
            "present": {
                "type": "Buffer",
                "data": "base64:AAAALkMrLm5CCAAAwrT11gAA7acAAAAAAAAAAAAAAAAAAA=="
            }
        },
        {
            "present": {
                "type": "Buffer",
                "data": "base64:AAAAaEPdrSDBAAAAQ5Hb7QAAwjAAAAAAAAAAAAAAAAAAAA=="
            }
        },
        {
            "present": {
                "type": "Buffer",
                "data": "base64:AAAANMNA3twAAAAAwuqNsQAAdPQAAAAAAAAAAAAAAAAAAA=="
            }
        },
        {
            "present": {
                "type": "Buffer",
                "data": "base64:AAAADcKEcecAAAAAwggAAAAAus4AAAAAAAAAAAAAAAAAAA=="
            }
        },
        {
            "present": {
                "type": "Buffer",
                "data": "base64:AAAAbcTXAotDSAAAxIeIBQAADoMAAAAAAAEAAAAAAAAAAA=="
            }
        },
        {
            "present": {
                "type": "Buffer",
                "data": "base64:AAAAbsQqiDZDSAAAxQ+HqQAACiQAAAAAAAEAAAAAAAAAAA=="
            }
        },
        {
            "present": {
                "type": "Buffer",
                "data": "base64:AAAAbERlAqJCyAAAxCwG5AAAA6cAAAAAAAEAAAAAAAAAAA=="
            }
        },
        {
            "present": {
                "type": "Buffer",
                "data": "base64:AAAAYcQRkclDlgAARF7fRQAAbZ8AAAAAAAAAAAAAAAAAAA=="
            }
        },
        {
            "present": {
                "type": "Buffer",
                "data": "base64:AAAAYcPnxP0AAAAAwpriNAAAeeEAAAAAAAAAAAAAAAAAAA=="
            }
        },
        {
            "present": {
                "type": "Buffer",
                "data": "base64:AAAAYcOFfqIAAAAAQj3u4QAA7/sAAAAAAAAAAAAAAAAAAA=="
            }
        },
        {
            "present": {
                "type": "Buffer",
                "data": "base64:AAAAbEQyGWlDjAAAxGgpuQAAiF0AAAAAAAAAAAAAAAAAAA=="
            }
        },
        {
            "present": {
                "type": "Buffer",
                "data": "base64:AAAAcMT8MaDDUAAAQkcgHgAA8ewAAAAAAAAAAAAAAAAAAA=="
            }
        },
        {
            "present": {
                "type": "Buffer",
                "data": "base64:AAAAEsNSAAAAAAAAw9OAAAAAGsgAAAAAAAAAAAAAAAAAAA=="
            }
        },
        {
            "present": {
                "type": "Buffer",
                "data": "base64:AAAAasTxUNTC1AAAw/yxpgAALyIAAAAAAAAAAAAAAAAAAA=="
            }
        },
        {
            "present": {
                "type": "Buffer",
                "data": "base64:AAAAEMPuRNo/gAAAQteucwAAT8UAAAAAAAAAAAAAAAAAAA=="
            }
        },
        {
            "present": {
                "type": "Buffer",
                "data": "base64:AAAAEERHgABDggAAQzVqSgAAbd0AAAAAAAAAAAAAAAAAAA=="
            }
        },
        {
            "present": {
                "type": "Buffer",
                "data": "base64:AAAAQcWJkbdDEw7KRMu8VwAAW4cAAAAAAAEAAAAAAAAAAA=="
            }
        },
        {
            "present": {
                "type": "Buffer",
                "data": "base64:AAAALcUPlcrDXgAARY9SmAAAlTQAAAAAAAAAAAAAAAAAAA=="
            }
        },
        {
            "present": {
                "type": "Buffer",
                "data": "base64:AAAALUSf5zjDXgAARYMhvgAASZQAAAAAAAAAAAAAAAAAAA=="
            }
        },
        {
            "present": {
                "type": "Buffer",
                "data": "base64:AAAALUVLFa5COeaAxSFMLQAA7HsAAAAAAAAAAAAAAAAAAA=="
            }
        },
        {
            "present": {
                "type": "Buffer",
                "data": "base64:AAAALcVF9iHDjIAAxXbMoQAADkMAAAAAAAAAAAAAAAAAAA=="
            }
        },
        {
            "present": {
                "type": "Buffer",
                "data": "base64:AAAAQEUvXpbB4AAARVvhvgAABBYAAAAAAAAAAAAAAAAAAA=="
            }
        },
        {
            "present": {
                "type": "Buffer",
                "data": "base64:AAAARUU/2qXB+PeRRUkkWAAARQIAAAAAAAAAAAAAAAAAAA=="
            }
        },
        {
            "present": {
                "type": "Buffer",
                "data": "base64:AAAARUSjNcrCCJsqRYMzDAAAmtgAAAAAAAAAAAAAAAAAAA=="
            }
        },
        {
            "present": {
                "type": "Buffer",
                "data": "base64:AAAARUGviOTB/CndRTEc+AAAZWkAAAAAAAAAAAAAAAAAAA=="
            }
        },
        {
            "present": {
                "type": "Buffer",
                "data": "base64:AAAARURTPXHCA0RcRYvEBwAAI4QAAAAAAAAAAAAAAAAAAA=="
            }
        },
        {
            "present": {
                "type": "Buffer",
                "data": "base64:AAAAPkQEtCVCoAAAQ1WkSgAAx/sAAAAAAAAAAAAAAAAAAA=="
            }
        },
        {
            "present": {
                "type": "Buffer",
                "data": "base64:AAAAJ0Q/AAAAAAAAxD/XKAAAQAEAAAAAAAAAAAAAAAAAAA=="
            }
        },
        {
            "present": {
                "type": "Buffer",
                "data": "base64:AAAAG8QohhfEuaAARD/OuQAAFbIAAAAAAAAAAAAAAAAAAA=="
            }
        },
        {
            "present": {
                "type": "Buffer",
                "data": "base64:AAAAG8QfsmDEvsQJxCkAAAAAJ9YAAAAAAAAAAAAAAAAAAA=="
            }
        },
        {
            "present": {
                "type": "Buffer",
                "data": "base64:AAAAG0M+EKLDpQAAQ91FTgAAf18AAAAAAAAAAAAAAAAAAA=="
            }
        },
        {
            "present": {
                "type": "Buffer",
                "data": "base64:AAAAG8PmULPE2QJzxQAkwgAAxKIAAAAAAAAAAAAAAAAAAA=="
            }
        },
        {
            "present": {
                "type": "Buffer",
                "data": "base64:AAAARkTpSK7CBorOQnAG6AAAI/kAAAAAAAAAAAAAAAAAAA=="
            }
        },
        {
            "present": {
                "type": "Buffer",
                "data": "base64:AAAAUEOpJCRDtYAARF9uXAAAvwAAAAAAAAEAAAAAAAAAAA=="
            }
        },
        {
            "present": {
                "type": "Buffer",
                "data": "base64:AAAAUESvXcTDQAAAw4STFwAAnDwAAAAAAAEAAAAAAAAAAA=="
            }
        },
        {
            "present": {
                "type": "Buffer",
                "data": "base64:AAAAK8SIwADCMstKRKHAAAAAVrMAAAAAAAAAAAAAAAAAAA=="
            }
        },
        {
            "present": {
                "type": "Buffer",
                "data": "base64:AAAAUkTp5KWAAAAARGhxTgAAiNoAAAAAAAAAAAAAAAAAAA=="
            }
        },
        {
            "present": {
                "type": "Buffer",
                "data": "base64:AAAAXUO0nyWAAAAARERnYwAAfB8AAAAAAAEAAAAAAAAAAA=="
            }
        },
        {
            "present": {
                "type": "Buffer",
                "data": "base64:AAAAUsUbqo8AAAAAxLkITgAAUlwAAAAAAAAAAAAAAAAAAA=="
            }
        },
        {
            "present": {
                "type": "Buffer",
                "data": "base64:AAAAUsT9bJwAAAAAxOI2BwAAS1QAAAAAAAAAAAAAAAAAAA=="
            }
        },
        {
            "present": {
                "type": "Buffer",
                "data": "base64:AAAAUsUqA2NESAAAxEjnyAAAEeUAAAAAAAAAAAAAAAAAAA=="
            }
        },
        {
            "present": {
                "type": "Buffer",
                "data": "base64:AAAAYEMC+zjDBwAARDZxzQAAP+sAAAAAAAAAAAAAAAAAAA=="
            }
        },
        {
            "present": {
                "type": "Buffer",
                "data": "base64:AAAAU0SKptJEG5rbw4JUEAAAR9MAAAAAAAAAAAAAAAAAAA=="
            }
        },
        {
            "present": {
                "type": "Buffer",
                "data": "base64:AAAAQ8PgznRCZXR1wgCpAwAAMgkAAAAAAAAAAAAAAAAAAA=="
            }
        },
        {
            "present": {
                "type": "Buffer",
                "data": "base64:AAAAHUQgdVRD2AAAxEkN4wAA10UAAAAAAAAAAAAAAAAAAA=="
            }
        },
        {
            "present": {
                "type": "Buffer",
                "data": "base64:AAAAHURuzjxD7IAAxIpepwAAxjEAAAAAAAAAAAAAAAAAAA=="
            }
        },
        {
            "present": {
                "type": "Buffer",
                "data": "base64:AAAAHURAAs9D7IAAxOkIEAAA1gQAAAAAAAAAAAAAAAAAAA=="
            }
        },
        {
            "present": {
                "type": "Buffer",
                "data": "base64:AAAAS0UvqAIAAAAAwqV8XgAAqOoAAAAAAAEAAAAAAAAAAA=="
            }
        },
        {
            "present": {
                "type": "Buffer",
                "data": "base64:AAAAE0QbH8VDSAAARSPYFQAAKJMAAAAAAAAAAAAAAAAAAA=="
            }
        },
        {
            "present": {
                "type": "Buffer",
                "data": "base64:AAAAE8M0fUREFXcVxRJyEAAACd0AAAAAAAAAAAAAAAAAAA=="
            }
        },
        {
            "present": {
                "type": "Buffer",
                "data": "base64:AAAAB0XTj00/CHOwRJSkPgAAXUoAAAAAAAEAAAAAAAAAAA=="
            }
        },
        {
            "present": {
                "type": "Buffer",
                "data": "base64:AAAAMkN2WIXD3AAAwLWdwwAAZaEAAAAAAAEAAAAAAAAAAA=="
            }
        },
        {
            "present": {
                "type": "Buffer",
                "data": "base64:AAAATUOnYaVC8AAARBoxuwAAr70AAAAAAAEAAAAAAAAAAA=="
            }
        },
        {
            "present": {
                "type": "Buffer",
                "data": "base64:AAAAW0RIWS1DtAAAxJhLCQAAtM8AAAAAAAEAAAAAAAAAAA=="
            }
        },
        {
            "present": {
                "type": "Buffer",
                "data": "base64:AAAAVUIuD/IAAAAAww4AAAAA/IAAAAAAAAAAAAAAAAAAAA=="
            }
        },
        {
            "present": {
                "type": "Buffer",
                "data": "base64:AAAAWESte+jEPgAARR5emgAAmJYAAAAAAAAAAAAAAAAAAA=="
            }
        },
        {
            "present": {
                "type": "Buffer",
                "data": "base64:AAAAWMSTwADEqgAARJugAAAAn4kAAAAAAAAAAAAAAAAAAA=="
            }
        },
        {
            "present": {
                "type": "Buffer",
                "data": "base64:AAAAFkTmQADEfwAAxKaAAAAAa5sAAAAAAAAAAAAAAAAAAA=="
            }
        },
        {
            "present": {
                "type": "Buffer",
                "data": "base64:AAAAXMP5d8JEGMAAxDZlegAAfsEAAAAAAAAAAAAAAAAAAA=="
            }
        },
        {
            "present": {
                "type": "Buffer",
                "data": "base64:AAAAXMP5d8JEGMAAxDZlegAAfsEAAAAAAAAAAAAAAAAAAA=="
            }
        },
        {
            "present": {
                "type": "Buffer",
                "data": "base64:AAAAKMRFH3/CcAAAxOtMaAAACxQAAAAAAAAAAAAAAAAAAA=="
            }
        },
        {
            "present": {
                "type": "Buffer",
                "data": "base64:AAAAIUQAvl9DlgAARAVnWQAAwckAAAAAAAEAAAAAAAAAAA=="
            }
        },
        {
            "present": {
                "type": "Buffer",
                "data": "base64:AAAAIcQZEmBC8AAARJsBJAAAW7cAAAAAAAEAAAAAAAAAAA=="
            }
        },
        {
            "present": {
                "type": "Buffer",
                "data": "base64:AAAATsPwi7VBzWhQQ+TYTAAAVFEAAAAAAAEAAAAAAAAAAA=="
            }
        },
        {
            "present": {
                "type": "Buffer",
                "data": "base64:AAAAN8VWnqbDdQwoRY9MxgAAI4kAAAAAAAAAAAAAAAAAAA=="
            }
        },
        {
            "present": {
                "type": "Buffer",
                "data": "base64:AAAAN8VWnqbDdQwoRY9MxgAAI4kAAAAAAAAAAAAAAAAAAA=="
            }
        },
        {
            "present": {
                "type": "Buffer",
                "data": "base64:AAAAO0NFRQTElgAARDp3iwAALfoAAAAAAAAAAAAAAAAAAA=="
            }
        },
        {
            "present": {
                "type": "Buffer",
                "data": "base64:AAAAO0NFRQTElgAARDp3iwAALfoAAAAAAAAAAAAAAAAAAA=="
            }
        },
        {
            "present": {
                "type": "Buffer",
                "data": "base64:AAAAI0Tb6P/DtAAAxKrIUwAAfAAAAAAAAAAAAAAAAAAAAA=="
            }
        },
        {
            "present": {
                "type": "Buffer",
                "data": "base64:AAAAI0V4FntEOQAAxA+xtAAAeWYAAAAAAAAAAAAAAAAAAA=="
            }
        },
        {
            "present": {
                "type": "Buffer",
                "data": "base64:AAAASkR8kjBCe1BDxe+e4QAAzjUAAAAAAAAAAAAAAAAAAA=="
            }
        },
        {
            "present": {
                "type": "Buffer",
                "data": "base64:AAAAOMUsRO/Dmn2lxGlb+wAAj1UAAAAAAAAAAAAAAAAAAA=="
            }
        },
        {
            "present": {
                "type": "Buffer",
                "data": "base64:AAAAOMWghB7Dn4AARISGwAAA3QgAAAAAAAAAAAAAAAAAAA=="
            }
        },
        {
            "present": {
                "type": "Buffer",
                "data": "base64:AAAATMROK03DFgAAQvKx1wAATM0AAAAAAAAAAAAAAAAAAA=="
            }
        },
        {
            "present": {
                "type": "Buffer",
                "data": "base64:AAAATEOlWBsAAAAAw0OmZQAAvk8AAAAAAAAAAAAAAAAAAA=="
            }
        },
        {
            "present": {
                "type": "Buffer",
                "data": "base64:AAAAM8KOKzNEC0AARE4A+QAAgAAAAAAAAAEAAAAAAAAAAA=="
            }
        },
        {
            "present": {
                "type": "Buffer",
                "data": "base64:AAAAScJC5DfEDoAARZiDPgAAfF8AAAAAAAEAAAAAAAAAAA=="
            }
        },
        {
            "present": {
                "type": "Buffer",
                "data": "base64:AAAAScQM8HXDlgAAxL+TsQAAFKAAAAAAAAAAAAAAAAAAAA=="
            }
        },
        {
            "present": {
                "type": "Buffer",
                "data": "base64:AAAASUTml6TDtAAARPMM0gAASnIAAAAAAAAAAAAAAAAAAA=="
            }
        },
        {
            "present": {
                "type": "Buffer",
                "data": "base64:AAAASUUWajjEDoAAQwoAAAAASfEAAAAAAAAAAAAAAAAAAA=="
            }
        },
        {
            "present": {
                "type": "Buffer",
                "data": "base64:AAAAWUM8IU5EtcAAxDnGrQAA6roAAAAAAAAAAAAAAAAAAA=="
            }
        },
        {
            "present": {
                "type": "Buffer",
                "data": "base64:AAAAGEOmvhzDk4AAxTzqawAAzPMAAAAAAAAAAAAAAAAAAA=="
            }
        },
        {
            "present": {
                "type": "Buffer",
                "data": "base64:AAAANsFu39pAi5hExQSAAAAAnmgAAAAAAAAAAAAAAAAAAA=="
            }
        },
        {
            "present": {
                "type": "Buffer",
                "data": "base64:AAAAVMLNCZVCNAAAw5hvUgAAT4UAAAAAAAAAAAAAAAAAAA=="
            }
        },
        {
            "present": {
                "type": "Buffer",
                "data": "base64:AAAAYcQGydhDUgAAQhS7fAAAWmgAAAAAAAAAAAAAAAAAAA=="
            }
        },
        {
            "present": {
                "type": "Buffer",
                "data": "base64:AAAAZ0U5a9rD88w7Q9U7IgAAuaAAAAAAAAEAAAAAAAAAAA=="
            }
        }
    ]
}